,ENGINESIZE,CYLINDERS,FUELCONSUMPTION_CITY,FUELCONSUMPTION_HWY,FUELCONSUMPTION_COMB,FUELCONSUMPTION_COMB_MPG,CO2_predictions
0,2.0,4,9.9,6.7,8.5,33,196.2758333333333
1,2.4,4,11.2,7.7,9.6,29,221.4675
2,1.5,4,6.0,5.8,5.9,48,137.24416666666667
3,3.5,6,12.7,9.1,11.1,25,256.06166666666667
4,3.5,6,12.1,8.7,10.6,27,245.35333333333335
5,3.5,6,11.9,7.7,10.0,28,230.92583333333334
6,3.5,6,11.8,8.1,10.1,28,232.44583333333333
7,3.7,6,12.8,9.0,11.1,25,255.4066666666666
8,3.7,6,13.4,9.5,11.6,24,267.24999999999994
9,2.4,4,10.6,7.5,9.2,31,211.7358333333333
10,2.4,4,11.2,8.1,9.8,29,224.96833333333336
11,3.5,6,12.1,8.3,10.4,27,239.92499999999995
12,5.9,12,18.0,12.6,15.6,18,358.0991666666668
13,5.9,12,18.0,12.6,15.6,18,358.0991666666668
14,4.7,8,17.4,11.3,14.7,19,338.905
15,4.7,8,18.1,12.2,15.4,18,352.795
16,4.7,8,17.4,11.3,14.7,19,338.905
17,4.7,8,18.1,12.2,15.4,18,352.795
18,5.9,12,18.0,12.6,15.6,18,358.0991666666668
19,2.0,4,9.9,7.4,8.8,32,201.99916666666672
20,2.0,4,11.5,8.1,10.0,28,229.1725
21,2.0,4,10.8,7.5,9.3,30,214.205
22,2.0,4,11.5,8.1,10.0,28,229.1725
23,2.0,4,11.5,8.1,10.0,28,229.1725
24,2.0,4,10.8,7.5,9.3,30,214.205
25,2.0,4,12.0,8.1,10.2,28,233.30916666666664
26,3.0,6,12.8,8.6,10.9,26,258.9325
27,3.0,6,9.8,6.4,8.3,34,224.5716666666667
28,3.0,6,13.1,8.8,11.2,25,257.88916666666665
29,3.0,6,9.8,6.4,8.3,34,224.5716666666667
30,3.0,6,13.1,8.8,11.2,25,257.88916666666665
31,4.0,8,13.5,8.6,11.3,25,265.2208333333333
32,3.0,6,10.0,6.4,8.4,34,225.17666666666665
33,3.0,6,13.1,8.8,11.2,25,257.88916666666665
34,4.0,8,14.7,9.7,12.5,23,285.75166666666655
35,6.3,12,18.2,12.6,15.7,18,361.0333333333334
36,3.0,6,10.1,6.5,8.5,33,224.82583333333332
37,2.0,4,11.8,8.8,10.5,27,224.3341666666667
38,2.0,4,12.0,8.5,10.4,27,222.3875
39,3.0,6,12.9,9.2,11.2,25,258.61583333333334
40,2.0,4,9.9,8.3,9.2,31,210.885
41,3.0,6,10.3,7.6,9.1,31,225.15666666666664
42,3.0,6,15.1,10.9,13.2,21,304.93666666666667
43,3.0,6,12.9,8.4,10.9,26,273.9458333333334
44,4.2,8,17.6,11.0,14.6,19,333.64166666666665
45,4.2,8,21.2,13.4,17.7,16,378.37333333333333
46,5.2,10,18.8,11.3,15.4,18,356.8575
47,5.2,10,21.1,13.8,17.8,16,401.7299999999999
48,4.2,8,17.6,11.0,14.6,19,333.64166666666665
49,4.2,8,21.2,13.4,17.7,16,378.37333333333333
50,5.2,10,18.8,11.3,15.4,18,356.8575
51,5.2,10,21.1,13.8,17.8,16,401.7299999999999
52,4.2,8,15.3,10.9,13.3,21,308.67749999999995
53,4.2,8,15.2,11.3,13.4,21,309.33500000000004
54,4.0,8,15.3,9.3,12.6,22,292.4866666666666
55,3.0,6,13.2,9.2,11.4,25,261.92916666666673
56,3.0,6,14.6,9.8,12.4,23,284.8425
57,3.0,6,13.2,9.2,11.4,25,261.92916666666673
58,3.0,6,14.6,9.8,12.4,23,284.8425
59,3.0,6,13.3,9.5,11.6,24,269.5341666666667
60,4.0,8,14.2,9.7,12.2,23,281.76916666666654
61,4.0,8,14.2,9.7,12.2,23,281.76916666666654
62,4.0,8,15.4,9.8,12.9,22,297.8616666666666
63,3.0,6,14.9,10.1,12.7,22,293.7591666666667
64,2.0,4,10.4,7.6,9.1,31,209.01416666666668
65,2.0,4,10.4,7.6,9.1,31,209.01416666666668
66,2.0,4,11.5,8.8,10.3,27,213.9925
67,2.0,4,11.5,8.8,10.3,27,213.9925
68,4.0,8,15.4,9.8,12.9,22,297.8616666666666
69,6.0,12,18.8,11.5,15.5,18,356.06333333333333
70,4.0,8,16.8,10.3,13.9,20,302.8075
71,6.0,12,20.0,12.2,16.5,17,380.2425
72,4.0,8,16.7,10.6,14.0,20,312.1508333333333
73,6.0,12,20.0,12.2,16.5,17,380.2425
74,6.0,12,20.0,12.2,16.5,17,380.2425
75,6.8,8,22.3,14.9,19.0,15,432.4675000000001
76,2.0,4,10.0,6.5,8.4,34,193.36000000000004
77,2.0,4,10.4,6.7,8.7,32,200.13150000000002
78,2.0,4,10.2,7.0,8.8,32,202.02566666666667
79,2.0,4,7.6,5.5,6.7,42,177.64083333333332
80,2.0,4,7.6,5.5,6.7,42,177.64083333333332
81,2.0,4,10.0,6.5,8.4,34,193.36000000000004
82,2.0,4,10.4,6.7,8.7,32,200.13150000000002
83,2.0,4,10.6,7.2,9.1,31,209.0
84,2.0,4,10.6,7.2,9.1,31,209.0
85,2.0,4,10.6,7.2,9.1,31,209.0
86,3.0,6,11.4,7.3,9.6,29,222.41333333333333
87,3.0,6,11.8,7.9,10.0,28,230.47666666666663
88,3.0,6,11.7,7.8,9.9,29,231.92499999999995
89,3.0,6,11.9,8.3,10.3,27,239.44833333333335
90,3.0,6,11.9,8.0,10.1,28,233.18083333333337
91,2.0,4,10.0,6.5,8.4,34,193.36000000000004
92,2.0,4,10.4,6.7,8.7,32,200.13150000000002
93,2.0,4,10.6,7.2,9.1,31,209.0
94,3.0,6,11.4,7.3,9.6,29,222.41333333333333
95,3.0,6,11.8,7.9,10.0,28,230.47666666666663
96,3.0,6,11.7,7.8,9.9,29,231.92499999999995
97,3.0,6,11.9,8.3,10.3,27,239.44833333333335
98,2.0,4,10.2,7.0,8.8,32,202.02566666666667
99,2.0,4,10.6,7.2,9.1,31,209.0
100,3.0,6,9.2,6.4,7.9,36,204.79083333333335
101,3.0,6,11.9,8.0,10.1,28,233.18083333333337
102,3.0,6,12.5,8.6,10.7,26,252.21583333333336
103,4.4,8,14.4,9.6,12.2,23,280.9750000000001
104,4.4,8,15.0,9.8,12.7,22,292.0
105,3.0,6,11.9,8.0,10.1,28,233.18083333333337
106,4.4,8,15.0,9.8,12.7,22,292.0
107,4.4,8,14.4,9.6,12.2,23,280.9750000000001
108,4.4,8,15.0,9.8,12.7,22,292.0
109,3.0,6,12.5,8.6,10.7,26,252.21583333333336
110,4.4,8,15.0,9.8,12.7,22,292.0
111,4.4,8,15.0,9.8,12.7,22,292.0
112,6.0,12,18.7,11.5,15.5,18,355.71
113,3.0,6,9.2,7.1,8.3,34,209.81666666666663
114,3.0,6,10.5,7.9,9.3,30,218.52916666666667
115,3.0,6,10.5,7.6,9.2,31,220.51083333333332
116,4.4,8,15.0,9.8,12.7,22,292.0
117,4.4,8,15.0,9.8,12.7,22,292.0
118,4.4,8,17.3,11.5,14.7,19,338.0
119,4.4,8,16.2,10.9,13.8,20,317.0
120,4.4,8,17.3,11.5,14.7,19,338.0
121,4.4,8,16.2,10.9,13.8,20,317.0
122,4.4,8,17.3,11.5,14.7,19,338.0
123,4.4,8,16.2,10.9,13.8,20,317.0
124,4.4,8,17.3,11.5,14.7,19,338.0
125,4.4,8,16.2,10.9,13.8,20,317.0
126,2.0,4,10.6,7.2,9.1,31,209.0
127,3.0,6,13.2,8.9,11.3,25,260.1533333333333
128,2.0,4,11.2,8.5,10.0,28,229.49916666666667
129,3.0,6,12.6,9.1,11.0,26,252.9608333333333
130,3.0,6,12.9,8.8,11.1,25,256.1741666666666
131,4.4,8,16.3,10.9,13.9,20,319.5841666666667
132,4.4,8,18.1,13.7,16.1,18,361.19083333333333
133,3.0,6,13.6,9.8,11.9,24,276.98333333333335
134,4.4,8,16.4,11.3,14.1,20,323.6308333333334
135,2.0,4,10.8,7.1,9.1,31,209.05
136,2.0,4,10.4,6.7,8.7,32,200.13150000000002
137,3.0,6,13.7,10.1,12.1,23,280.67583333333323
138,3.0,6,12.7,9.0,11.0,26,253.39083333333335
139,3.0,6,13.7,10.1,12.1,23,280.67583333333323
140,3.6,6,14.3,9.9,12.3,23,283.075
141,3.6,6,14.6,10.2,12.6,22,290.32083333333327
142,1.4,4,9.5,7.2,8.5,33,195.99999999999997
143,1.4,4,10.2,8.0,9.2,31,211.01416666666665
144,3.6,6,13.7,8.7,11.5,25,263.8316666666666
145,3.6,6,18.4,12.2,15.6,18,256.2183333333334
146,3.6,6,13.7,8.9,11.5,25,263.6841666666666
147,3.6,6,19.4,13.0,16.5,17,266.4091666666668
148,2.4,4,9.6,6.5,8.2,34,188.30916666666673
149,2.0,4,11.5,7.9,9.9,29,228.0
150,2.0,4,11.6,7.5,9.8,29,224.70916666666668
151,2.0,4,12.3,8.7,10.7,26,243.945
152,2.4,4,9.6,6.5,8.2,34,188.30916666666673
153,2.0,4,11.5,7.9,9.9,29,228.0
154,2.0,4,11.6,7.5,9.8,29,224.70916666666668
155,2.4,4,11.3,7.4,9.5,30,218.15499999999997
156,2.0,4,11.3,7.5,9.6,29,221.33166666666668
157,2.0,4,12.1,7.9,10.2,28,235.08999999999997
158,2.5,4,10.5,7.2,9.0,31,207.61666666666667
159,3.6,6,12.8,8.5,10.9,26,252.06083333333333
160,2.0,4,11.8,8.1,10.1,28,225.64083333333332
161,3.6,6,13.1,9.0,11.3,25,259.9925
162,3.6,6,13.2,8.7,11.2,25,258.0
163,3.6,6,13.3,9.0,11.4,25,261.8341666666667
164,2.0,4,11.9,7.9,10.1,28,229.40500000000003
165,3.6,6,12.9,8.2,10.8,26,250.2058333333334
166,2.0,4,12.6,8.5,10.8,26,247.02
167,3.6,6,13.1,9.0,11.3,25,259.9925
168,3.6,6,15.1,9.9,12.8,22,293.46000000000004
169,3.0,6,12.7,8.9,11.0,26,253.6458333333333
170,3.6,6,13.3,8.9,11.3,25,260.4616666666667
171,3.0,6,12.8,9.1,11.1,25,255.7108333333333
172,3.6,6,13.3,9.0,11.4,25,261.8341666666667
173,6.2,8,19.7,12.9,16.6,17,382.0
174,6.2,8,16.7,12.5,14.8,19,339.7716666666667
175,6.2,8,19.7,12.9,16.6,17,382.0
176,6.2,8,16.7,12.5,14.8,19,339.7716666666667
177,6.2,8,19.7,12.9,16.6,17,382.0
178,6.2,8,16.7,12.5,14.8,19,339.7716666666667
179,6.2,8,17.0,11.8,14.7,19,337.87
180,6.2,8,23.3,16.1,20.1,14,329.7483333333333
181,6.2,8,18.8,13.4,16.4,17,376.775
182,6.2,8,25.7,17.8,22.1,13,353.7179999999999
183,3.6,6,14.3,9.8,12.3,23,282.82916666666665
184,3.6,6,14.8,10.4,12.8,22,294.245
185,3.6,6,13.6,8.6,11.4,25,262.70249999999993
186,3.6,6,14.0,9.1,11.8,24,270.9666666666667
187,3.6,6,14.8,9.8,12.6,22,290.2658333333334
188,3.6,6,13.2,8.7,11.2,25,258.0
189,3.6,6,14.2,8.6,11.7,24,269.6091666666667
190,3.6,6,12.7,7.9,10.5,27,241.97583333333336
191,6.2,8,15.3,9.8,12.8,22,292.8308333333334
192,6.2,8,15.0,9.9,12.7,22,291.70833333333337
193,6.2,8,19.7,12.9,16.6,17,382.0
194,6.2,8,16.7,12.5,14.8,19,339.7716666666667
195,6.2,8,14.9,8.5,12.0,24,274.81
196,6.2,8,13.7,8.2,11.2,25,262.43749999999994
197,1.4,4,9.1,6.3,7.8,36,179.1875
198,1.4,4,9.1,6.3,7.8,36,179.1875
199,1.8,4,10.5,6.7,8.8,32,200.9933333333333
200,1.8,4,9.5,6.5,8.2,34,189.05666666666667
201,2.0,4,8.7,5.1,7.1,40,182.92833333333337
202,1.4,4,9.1,6.0,7.7,37,176.39833333333337
203,1.4,4,8.4,5.6,7.1,40,166.17000000000004
204,2.4,4,10.5,7.3,9.1,31,209.40916666666664
205,3.6,6,13.9,9.6,12.0,24,275.61499999999995
206,3.6,6,18.8,13.1,16.2,17,263.0691666666668
207,2.4,4,11.5,8.2,10.0,28,230.36416666666668
208,3.6,6,14.8,9.9,12.6,22,290.29916666666674
209,3.6,6,19.8,13.6,17.0,17,271.77
210,4.3,6,17.1,12.7,15.1,19,327.9466666666667
211,5.3,8,18.0,13.4,15.9,18,364.1475
212,5.3,8,23.5,17.7,20.9,14,336.13166666666666
213,5.3,8,18.3,14.2,16.5,17,380.0
214,5.3,8,23.7,18.8,21.5,13,344.19800000000004
215,5.3,8,18.6,13.9,16.5,17,373.39
216,5.3,8,23.9,18.5,21.5,13,344.598
217,5.3,8,18.3,14.2,16.5,17,380.0
218,5.3,8,25.3,19.3,22.6,12,362.42550000000006
219,5.3,8,18.6,13.9,16.5,17,373.39
220,5.3,8,23.9,18.5,21.5,13,344.598
221,5.3,8,18.3,14.2,16.5,17,380.0
222,5.3,8,25.3,19.3,22.6,12,362.42550000000006
223,4.8,8,21.1,14.2,18.0,16,390.7150000000001
224,6.0,8,21.9,15.0,18.8,15,432.59
225,6.0,8,30.0,20.4,25.7,11,410.5825
226,4.8,8,21.3,14.3,18.2,16,397.3016666666668
227,6.0,8,22.1,15.0,18.9,15,431.39666666666665
228,6.0,8,30.2,20.5,25.8,11,411.03
229,2.5,4,11.3,7.5,9.6,29,221.06416666666664
230,3.6,6,12.6,8.2,10.6,27,243.55
231,3.6,6,16.7,11.3,14.3,20,258.75666666666666
232,2.4,4,10.0,7.0,8.7,32,200.47333333333333
233,2.0,4,11.5,7.9,9.9,29,228.0
234,2.5,4,9.3,6.4,8.0,35,184.58416666666665
235,2.4,4,12.2,8.6,10.6,27,241.22666666666663
236,2.4,4,11.8,8.3,10.2,28,233.97583333333338
237,4.3,6,13.4,9.9,11.8,24,272.5541666666667
238,4.3,6,18.9,14.2,16.8,17,279.85916666666657
239,5.3,8,14.6,10.3,12.7,22,292.3183333333333
240,5.3,8,19.5,13.7,16.9,17,288.93250000000006
241,6.2,8,16.3,11.4,14.1,20,324.88000000000005
242,4.3,6,14.2,10.6,12.6,22,290.2225
243,4.3,6,20.0,15.1,17.8,16,293.2033333333333
244,5.3,8,14.9,10.6,13.0,22,298.43250000000006
245,5.3,8,19.9,14.2,17.3,16,313.8424999999999
246,6.2,8,16.4,11.7,14.3,20,327.41166666666663
247,1.4,4,9.1,6.7,8.0,35,184.37583333333333
248,1.4,4,8.5,6.2,7.5,38,172.10833333333335
249,1.8,4,9.6,6.6,8.3,34,191.02
250,1.8,4,8.9,6.7,7.9,36,181.75
251,1.4,4,9.1,6.7,8.0,35,184.37583333333333
252,1.4,4,8.5,6.2,7.5,38,172.10833333333335
253,1.8,4,9.6,6.6,8.3,34,191.02
254,1.8,4,8.9,6.7,7.9,36,181.75
255,1.4,4,9.4,7.0,8.3,34,191.35583333333335
256,1.4,4,8.7,7.0,7.9,36,182.39916666666664
257,1.4,4,9.4,7.0,8.3,34,191.35583333333335
258,1.4,4,8.7,7.0,7.9,36,182.39916666666664
259,1.2,4,7.7,6.0,6.9,41,157.975
260,1.2,4,7.6,6.0,6.9,41,158.165
261,5.3,8,16.0,11.1,13.8,20,317.0
262,5.3,8,21.5,14.6,18.4,15,294.0
263,5.3,8,16.0,11.1,13.8,20,317.0
264,5.3,8,21.5,14.6,18.4,15,294.0
265,5.3,8,16.0,11.1,13.8,20,317.0
266,5.3,8,21.5,14.6,18.4,15,294.0
267,5.3,8,16.0,11.1,13.8,20,317.0
268,5.3,8,21.5,14.6,18.4,15,294.0
269,3.6,6,14.3,9.9,12.3,23,283.075
270,3.6,6,14.6,10.2,12.6,22,290.32083333333327
271,1.4,4,9.4,7.1,8.4,34,192.65666666666667
272,1.4,4,9.1,6.8,8.1,35,185.2425
273,1.4,4,10.0,7.8,9.0,31,207.32333333333332
274,3.6,6,12.4,7.7,10.3,27,237.075
275,2.4,4,11.7,8.2,10.1,28,230.05500000000004
276,2.4,4,12.9,8.1,10.7,26,247.3191666666667
277,3.6,6,12.5,8.1,10.5,27,242.73583333333335
278,3.6,6,17.0,11.2,14.4,20,239.88749999999996
279,2.4,4,11.2,8.0,9.8,29,224.33916666666667
280,2.4,4,12.0,7.6,10.0,28,230.70583333333332
281,3.6,6,12.5,8.1,10.5,27,242.73583333333335
282,3.6,6,17.0,11.2,14.4,20,239.88749999999996
283,5.7,8,15.8,9.2,12.8,22,293.0233333333333
284,3.6,6,12.8,8.6,10.9,26,250.77833333333336
285,5.7,8,16.1,10.0,13.4,21,307.58083333333343
286,3.6,6,12.8,8.6,10.9,26,250.77833333333336
287,3.6,6,17.3,11.7,14.8,19,257.33166666666665
288,3.6,6,12.4,7.7,10.3,27,237.075
289,3.6,6,16.8,10.3,13.9,20,246.4866666666666
290,6.4,8,16.7,10.3,13.8,20,316.5083333333333
291,3.6,6,14.1,9.5,12.0,24,275.28083333333336
292,3.6,6,19.7,13.3,16.8,17,271.7158333333334
293,2.4,4,11.2,8.0,9.8,29,224.33916666666667
294,2.4,4,12.0,7.6,10.0,28,230.70583333333332
295,3.6,6,12.5,8.1,10.5,27,242.73583333333335
296,3.6,6,17.0,11.2,14.4,20,239.88749999999996
297,3.6,6,13.2,8.7,11.2,25,258.0
298,5.7,8,15.6,10.0,13.1,22,298.88500000000005
299,5.7,8,15.8,9.2,12.8,22,293.0233333333333
300,6.4,8,16.8,10.4,13.9,20,318.88750000000005
301,6.4,8,16.7,10.3,13.8,20,316.5083333333333
302,3.6,6,13.2,8.7,11.2,25,258.0
303,3.6,6,12.4,7.7,10.3,27,237.075
304,5.7,8,15.8,9.2,12.8,22,293.0233333333333
305,3.6,6,12.8,8.6,10.9,26,250.77833333333336
306,5.7,8,16.1,10.0,13.4,21,307.58083333333343
307,3.6,6,12.8,8.6,10.9,26,250.77833333333336
308,3.6,6,17.3,11.7,14.8,19,257.33166666666665
309,3.6,6,13.2,8.7,11.2,25,258.0
310,3.6,6,18.3,12.6,15.7,18,255.31500000000008
311,3.6,6,12.3,7.6,10.2,28,234.57416666666666
312,3.6,6,16.8,10.3,13.9,20,246.4866666666666
313,6.4,8,16.7,10.3,13.8,20,316.5083333333333
314,2.0,4,9.4,6.5,8.1,35,185.90166666666664
315,2.4,4,10.1,6.8,8.6,33,198.18150000000003
316,2.4,4,10.5,6.7,8.8,32,201.72483333333332
317,2.0,4,9.9,7.0,8.6,33,197.87333333333336
318,2.0,4,14.2,9.8,12.2,23,280.36999999999995
319,2.4,4,10.6,7.5,9.2,31,211.7358333333333
320,2.4,4,10.2,7.0,8.8,32,201.67483333333337
321,1.4,4,8.4,5.9,7.3,39,168.5658333333334
322,1.4,4,8.5,5.8,7.3,39,172.0658333333334
323,5.7,8,17.3,10.8,14.4,20,322.2608333333333
324,3.6,6,13.9,9.8,12.1,23,278.38166666666666
325,3.6,6,17.7,13.0,15.6,18,254.38833333333332
326,3.6,6,13.7,9.4,11.8,24,271.27333333333337
327,3.6,6,19.2,13.1,16.5,17,265.8600000000001
328,2.4,4,12.7,9.1,11.1,25,255.1058333333334
329,3.6,6,14.5,9.9,12.4,23,284.9991666666666
330,3.6,6,14.2,9.4,12.0,24,275.10333333333335
331,3.6,6,18.9,12.9,16.2,17,263.36833333333345
332,1.4,4,8.5,6.9,7.8,36,178.99
333,1.4,4,8.5,6.9,7.8,36,178.99
334,1.4,4,8.7,6.9,7.9,36,182.0075
335,1.4,4,7.9,6.3,7.2,39,166.51583333333332
336,1.4,4,8.5,6.9,7.8,36,178.99
337,1.4,4,8.7,6.9,7.9,36,182.0075
338,1.4,4,7.6,5.9,6.8,42,159.94499999999996
339,1.4,4,8.5,6.9,7.8,36,178.99
340,1.4,4,10.0,7.2,8.7,32,199.99166666666662
341,1.4,4,9.3,7.2,8.4,34,192.76499999999996
342,2.0,4,5.6,6.4,6.0,47,139.52666666666664
343,4.6,8,17.7,14.4,16.2,17,365.1375
344,4.6,8,24.1,19.2,21.9,13,353.24549999999994
345,5.4,8,19.3,14.7,17.2,16,371.2358333333333
346,5.4,8,24.9,19.6,22.5,13,356.82749999999993
347,4.6,8,18.6,14.6,16.8,17,369.12999999999994
348,4.6,8,25.5,20.0,23.0,12,367.7666666666667
349,6.8,10,23.9,17.8,21.2,13,456.0404999999999
350,5.4,8,20.6,15.5,18.3,15,404.84083333333336
351,5.4,8,26.7,20.5,23.9,12,378.9108333333333
352,2.0,4,11.3,7.9,9.8,29,224.62000000000003
353,3.5,6,12.6,8.7,10.8,26,248.50249999999997
354,3.5,6,13.3,9.3,11.5,25,263.44416666666666
355,3.7,6,13.7,10.4,12.2,23,280.61166666666674
356,1.6,4,10.4,7.4,9.1,31,208.5233333333333
357,2.0,4,10.9,8.0,9.6,29,220.81583333333336
358,2.5,4,10.9,7.5,9.4,30,216.08249999999995
359,1.6,4,10.5,7.9,9.3,30,215.14916666666664
360,2.0,4,11.2,8.5,10.0,28,229.49916666666667
361,5.4,8,18.2,13.3,16.0,18,366.41833333333335
362,5.4,8,24.5,18.0,21.6,13,348.5671666666666
363,2.0,4,11.8,8.3,10.2,28,222.29583333333332
364,3.5,6,14.8,10.7,13.0,22,298.2525
365,3.5,6,13.7,9.7,11.9,24,273.9266666666666
366,3.5,6,18.3,12.9,15.9,18,260.54833333333335
367,3.5,6,14.3,10.3,12.5,23,286.47666666666663
368,3.5,6,18.9,13.9,16.7,17,268.0816666666666
369,3.5,6,14.5,10.6,12.7,22,292.5383333333333
370,3.5,6,14.6,10.6,12.8,22,293.66
371,6.2,8,18.3,12.9,15.9,18,361.3875
372,3.5,6,15.9,11.3,13.8,20,294.57666666666665
373,3.5,6,15.4,11.0,13.4,21,304.9583333333333
374,6.2,8,20.1,14.4,17.5,16,386.2608333333334
375,3.7,6,14.0,10.3,12.3,23,282.8308333333334
376,3.7,6,18.8,13.7,16.5,17,265.43416666666667
377,3.7,6,14.0,10.3,12.3,23,282.8308333333334
378,3.7,6,18.8,13.7,16.5,17,265.43416666666667
379,5.0,8,16.4,12.3,14.6,19,336.37250000000006
380,5.0,8,22.1,16.7,19.7,14,320.59000000000015
381,5.0,8,16.4,12.3,14.6,19,336.37250000000006
382,5.0,8,22.1,16.7,19.7,14,320.59000000000015
383,3.7,6,15.0,11.4,13.4,21,307.95166666666665
384,3.7,6,20.2,15.3,18.0,16,292.6375
385,3.7,6,15.0,11.4,13.4,21,307.95166666666665
386,3.7,6,20.2,15.3,18.0,16,292.6375
387,5.0,8,16.8,12.6,14.9,19,343.1333333333334
388,5.0,8,22.4,17.0,20.0,14,324.0775000000001
389,5.0,8,16.7,12.5,14.8,19,340.85583333333335
390,5.0,8,22.4,16.9,19.9,14,323.0358333333334
391,6.2,8,20.4,15.0,18.0,16,405.2158333333333
392,1.6,4,8.5,6.5,7.6,37,174.89666666666662
393,1.6,4,8.6,6.4,7.6,37,175.425
394,1.0,4,7.5,5.5,6.6,43,159.25166666666664
395,1.6,4,8.0,5.8,7.0,40,162.20333333333332
396,1.6,4,8.9,6.8,8.0,35,184.03083333333328
397,3.5,6,13.2,9.4,11.5,25,263.66666666666663
398,3.5,6,13.7,10.2,12.1,23,279.86750000000006
399,3.5,6,14.8,10.4,12.8,22,294.01166666666666
400,2.0,4,10.2,7.4,8.9,32,204.47983333333335
401,2.0,4,8.8,6.4,7.7,37,177.43583333333333
402,2.0,4,11.7,8.5,10.3,27,190.5883333333333
403,2.0,4,8.9,6.4,7.8,36,179.21
404,2.0,4,11.7,8.5,10.3,27,190.5883333333333
405,2.0,4,9.1,6.6,8.0,35,184.14166666666668
406,2.0,4,11.9,8.9,10.6,27,210.52666666666664
407,2.0,4,8.4,5.8,7.2,39,176.93583333333333
408,2.0,4,11.6,8.3,10.1,28,203.285
409,1.5,4,10.1,6.6,8.5,33,195.68333333333337
410,1.6,4,9.4,6.4,8.1,35,185.64166666666665
411,2.0,4,10.5,7.1,9.0,31,207.20333333333335
412,2.5,4,10.5,7.0,8.9,32,204.55066666666673
413,1.5,4,9.5,6.3,8.1,35,184.43166666666662
414,2.0,4,10.9,7.5,9.4,30,216.17416666666668
415,2.0,4,5.3,5.7,5.5,51,126.46416666666671
416,3.7,6,12.1,7.8,10.2,28,235.48833333333332
417,3.7,6,12.7,8.1,10.6,27,243.68416666666667
418,5.0,8,13.3,9.3,11.5,25,263.57083333333327
419,5.0,8,15.4,9.4,12.7,22,292.1741666666667
420,5.8,8,15.9,9.9,13.2,21,304.2208333333335
421,3.7,6,12.5,8.2,10.6,27,243.66166666666663
422,2.0,4,10.5,7.3,9.1,31,209.07416666666666
423,3.5,6,13.7,9.4,11.8,24,271.26916666666665
424,3.5,6,12.1,8.1,10.3,27,238.71833333333328
425,3.5,6,17.0,11.1,14.3,20,245.53499999999994
426,3.5,6,13.0,9.1,11.2,25,258.13416666666666
427,3.5,6,18.4,12.5,15.7,18,252.99916666666672
428,1.6,4,10.8,8.0,9.5,30,218.33666666666664
429,2.5,4,11.3,8.2,9.9,29,227.7775
430,1.6,4,11.5,8.3,10.1,28,217.0283333333333
431,2.5,4,11.9,8.5,10.4,27,237.20666666666668
432,3.6,6,14.3,9.9,12.3,23,283.075
433,3.6,6,14.9,10.4,12.9,22,296.2116666666667
434,4.3,6,17.1,12.7,15.1,19,327.9466666666667
435,5.3,8,18.0,13.4,15.9,18,364.1475
436,5.3,8,23.5,17.7,20.9,14,336.13166666666666
437,5.3,8,18.3,14.2,16.5,17,380.0
438,5.3,8,23.7,18.8,21.5,13,344.19800000000004
439,5.3,8,18.6,13.9,16.5,17,373.39
440,5.3,8,23.9,18.5,21.5,13,344.598
441,5.3,8,18.3,14.2,16.5,17,380.0
442,5.3,8,25.3,19.3,22.6,12,362.42550000000006
443,5.3,8,18.6,13.9,16.5,17,373.39
444,5.3,8,23.9,18.5,21.5,13,344.598
445,5.3,8,18.3,14.2,16.5,17,380.0
446,5.3,8,25.3,19.3,22.6,12,362.42550000000006
447,4.8,8,21.1,14.2,18.0,16,390.7150000000001
448,6.0,8,21.9,15.0,18.8,15,432.59
449,6.0,8,30.0,20.4,25.7,11,410.5825
450,4.8,8,21.3,14.3,18.2,16,397.3016666666668
451,6.0,8,22.1,15.0,18.9,15,431.39666666666665
452,6.0,8,30.2,20.5,25.8,11,411.03
453,4.3,6,13.4,9.9,11.8,24,272.5541666666667
454,4.3,6,18.9,14.2,16.8,17,279.85916666666657
455,5.3,8,14.6,10.3,12.7,22,292.3183333333333
456,5.3,8,19.5,13.7,16.9,17,288.93250000000006
457,6.2,8,16.3,11.4,14.1,20,324.88000000000005
458,4.3,6,14.2,10.6,12.6,22,290.2225
459,4.3,6,20.0,15.1,17.8,16,293.2033333333333
460,5.3,8,14.9,10.6,13.0,22,298.43250000000006
461,5.3,8,19.9,14.2,17.3,16,313.8424999999999
462,6.2,8,16.4,11.7,14.3,20,327.41166666666663
463,2.4,4,10.5,7.3,9.1,31,209.40916666666664
464,3.6,6,13.9,9.6,12.0,24,275.61499999999995
465,3.6,6,18.8,13.1,16.2,17,263.0691666666668
466,2.4,4,11.5,8.2,10.0,28,230.36416666666668
467,3.6,6,14.8,9.9,12.6,22,290.29916666666674
468,3.6,6,19.8,13.6,17.0,17,271.77
469,5.3,8,16.0,11.1,13.8,20,317.0
470,5.3,8,21.5,14.6,18.4,15,294.0
471,5.3,8,16.0,11.1,13.8,20,317.0
472,5.3,8,21.5,14.6,18.4,15,294.0
473,6.2,8,17.0,11.8,14.7,19,337.87
474,6.2,8,23.3,16.1,20.1,14,329.7483333333333
475,6.2,8,18.8,13.4,16.4,17,376.775
476,6.2,8,25.7,17.8,22.1,13,353.7179999999999
477,5.3,8,16.0,11.1,13.8,20,317.0
478,5.3,8,21.5,14.6,18.4,15,294.0
479,5.3,8,16.0,11.1,13.8,20,317.0
480,5.3,8,21.5,14.6,18.4,15,294.0
481,2.4,4,9.0,6.6,7.9,36,182.69
482,2.4,4,9.1,6.9,8.1,35,187.8225
483,2.4,4,10.1,6.9,8.7,32,200.47733333333335
484,3.5,6,11.0,6.8,9.1,31,210.9741666666667
485,3.5,6,11.4,7.3,9.6,29,220.4933333333333
486,3.5,6,13.0,8.4,10.9,26,260.15833333333336
487,2.0,4,4.7,4.9,4.8,59,117.53833333333333
488,1.8,4,7.9,6.0,7.0,40,162.2725
489,1.8,4,8.1,6.2,7.2,39,169.15500000000003
490,1.8,4,8.5,6.6,7.6,37,175.87833333333336
491,3.5,6,12.5,8.5,10.7,26,247.39499999999995
492,2.4,4,10.3,7.6,9.1,31,209.40166666666664
493,2.4,4,10.6,7.9,9.4,30,216.52999999999997
494,1.5,4,6.6,6.0,6.3,45,147.08583333333337
495,1.5,4,7.6,6.1,6.9,41,159.85333333333335
496,1.5,4,8.3,6.5,7.5,38,171.61583333333337
497,1.5,4,8.3,6.9,7.7,37,176.38666666666668
498,3.5,6,12.3,8.5,10.6,27,244.12333333333336
499,3.5,6,13.3,9.3,11.5,25,263.44416666666666
500,3.5,6,13.9,9.7,12.0,24,276.04249999999996
501,3.5,6,15.2,11.3,13.4,21,304.85416666666663
502,1.6,4,8.8,6.3,7.7,37,176.78166666666672
503,1.6,4,8.7,6.4,7.7,37,176.77416666666667
504,2.0,4,9.8,7.2,8.6,33,197.93916666666667
505,2.0,4,9.8,7.0,8.5,33,196.05666666666667
506,5.0,8,15.7,10.2,13.2,21,304.2175
507,3.8,6,13.0,8.7,11.1,25,255.10750000000004
508,3.3,6,13.0,9.1,11.2,25,258.4591666666667
509,3.3,6,13.3,9.5,11.6,24,266.9441666666667
510,2.4,4,11.6,8.7,10.3,27,231.59583333333333
511,2.0,4,12.9,9.7,11.5,25,263.4133333333333
512,2.4,4,12.5,9.4,11.1,25,255.66000000000003
513,2.0,4,11.4,7.5,9.6,29,221.6291666666667
514,2.4,4,9.8,7.0,8.5,33,200.54833333333335
515,2.4,4,6.5,5.9,6.2,46,143.78583333333333
516,2.4,4,6.6,5.9,6.3,45,144.74666666666667
517,2.0,4,10.2,8.2,9.3,30,214.51749999999996
518,2.0,4,11.4,8.6,10.1,28,226.68
519,2.4,4,11.3,8.3,10.0,28,229.85750000000004
520,2.0,4,11.4,9.3,10.5,27,236.13750000000007
521,2.4,4,11.6,9.3,10.6,27,241.17499999999995
522,1.6,4,8.6,6.6,7.7,37,176.6316666666667
523,1.6,4,9.1,6.7,8.0,35,184.0
524,1.6,4,9.9,7.5,8.8,32,202.29666666666665
525,1.6,4,9.7,7.1,8.5,33,196.63583333333335
526,3.7,6,12.0,8.0,10.2,28,235.865
527,3.7,6,12.6,8.7,10.8,26,248.48666666666665
528,3.5,6,8.2,6.7,7.5,38,176.23583333333335
529,3.5,6,8.7,7.5,8.2,34,195.65583333333336
530,3.7,6,13.3,9.4,11.5,25,264.1916666666666
531,3.7,6,13.6,9.3,11.7,24,268.635
532,3.7,6,14.3,9.8,12.3,23,282.7941666666666
533,3.7,6,12.9,8.9,11.1,25,255.48
534,3.7,6,13.5,9.3,11.6,24,267.32500000000005
535,3.7,6,12.8,8.9,11.0,26,252.82499999999996
536,5.6,8,14.5,9.5,12.3,23,283.7091666666666
537,3.7,6,13.2,9.6,11.6,24,267.5516666666666
538,5.6,8,15.0,10.2,12.8,22,294.18416666666667
539,3.5,6,8.0,7.0,7.6,37,179.66
540,3.7,6,13.6,9.6,11.8,24,271.1016666666666
541,3.5,6,11.9,9.0,10.6,27,245.28
542,3.5,6,12.3,9.3,11.0,26,252.3358333333333
543,2.5,4,8.8,8.2,8.5,33,198.525
544,3.7,6,14.5,10.7,12.8,22,294.24666666666667
545,5.0,8,16.6,11.9,14.5,19,336.43750000000006
546,5.6,8,17.4,12.1,15.0,19,344.3758333333333
547,3.0,6,11.8,8.4,10.3,27,238.51
548,3.0,6,12.2,8.7,10.6,27,260.25750000000005
549,5.0,8,15.0,10.2,12.8,22,294.02916666666664
550,2.0,4,12.3,8.2,10.5,27,238.5675
551,3.0,6,14.7,9.1,12.2,23,281.5308333333334
552,5.0,8,15.7,10.3,13.3,21,305.60333333333324
553,5.0,8,21.3,14.1,18.1,16,356.1725
554,5.0,8,15.7,10.3,13.3,21,305.60333333333324
555,3.0,6,14.6,9.6,12.4,23,284.7666666666667
556,5.0,8,15.8,10.2,13.3,21,306.0
557,5.0,8,20.6,13.6,17.5,16,323.5133333333334
558,3.0,6,14.7,9.6,12.4,23,284.7633333333334
559,5.0,8,15.8,10.2,13.3,21,306.0
560,5.0,8,20.6,13.6,17.5,16,323.5133333333334
561,5.0,8,15.8,10.2,13.3,21,306.0
562,5.0,8,15.8,10.2,13.3,21,306.0
563,5.0,8,15.1,10.6,13.1,22,300.4100000000001
564,5.0,8,14.8,9.9,12.6,22,290.8066666666666
565,5.0,8,15.9,10.9,13.7,21,314.5458333333333
566,5.0,8,15.6,10.9,13.5,21,309.9941666666666
567,5.0,8,15.9,10.9,13.7,21,314.5458333333333
568,5.0,8,15.6,10.9,13.5,21,309.9941666666666
569,2.4,4,10.9,7.7,9.5,30,217.9216666666666
570,3.2,6,12.3,8.3,10.5,27,245.86250000000004
571,2.4,4,11.3,8.3,10.0,28,229.85750000000004
572,3.2,6,12.5,8.8,10.8,26,251.48333333333332
573,2.4,4,11.4,8.6,10.1,28,231.56916666666663
574,3.2,6,12.5,9.1,11.0,26,253.04333333333332
575,2.4,4,12.1,9.4,10.9,26,250.41916666666665
576,3.2,6,13.4,9.5,11.6,24,267.59333333333336
577,2.0,4,11.1,8.3,9.8,29,224.0575
578,2.0,4,10.2,7.8,9.1,31,209.54083333333332
579,2.4,4,11.1,8.3,9.8,29,225.275
580,2.4,4,10.3,8.3,9.4,30,216.05499999999995
581,2.4,4,11.4,8.7,10.2,28,234.57500000000005
582,2.4,4,10.3,8.4,9.4,30,216.12833333333336
583,2.4,4,11.7,10.3,11.1,25,256.45833333333337
584,5.7,8,17.3,11.7,14.8,19,337.6041666666666
585,3.0,6,11.2,8.4,9.9,29,248.0533333333334
586,3.6,6,13.9,9.8,12.1,23,278.38166666666666
587,3.6,6,17.7,13.0,15.6,18,254.38833333333332
588,6.4,8,18.5,12.6,15.8,18,360.12500000000006
589,2.0,4,11.1,8.3,9.8,29,224.0575
590,2.0,4,10.2,7.8,9.1,31,209.54083333333332
591,2.4,4,11.1,8.3,9.8,29,225.275
592,2.4,4,10.3,8.3,9.4,30,216.05499999999995
593,2.4,4,11.4,8.7,10.2,28,234.57500000000005
594,2.4,4,10.3,8.4,9.4,30,216.12833333333336
595,2.4,4,11.7,10.3,11.1,25,256.45833333333337
596,3.6,6,14.1,11.1,12.8,22,294.6541666666667
597,3.6,6,14.2,11.0,12.8,22,295.32416666666666
598,3.6,6,14.8,11.7,13.4,21,305.40916666666664
599,3.6,6,15.0,11.4,13.4,21,304.1275
600,3.3,6,12.7,8.8,10.9,26,251.8891666666667
601,1.8,4,9.6,6.6,8.3,34,191.02
602,1.8,4,9.3,6.4,8.0,35,184.53999999999996
603,2.0,4,9.8,6.6,8.4,34,193.0875
604,2.0,4,9.7,6.8,8.4,34,193.08083333333332
605,1.6,4,11.1,8.0,9.7,29,221.7258333333333
606,1.6,4,11.1,8.2,9.8,29,223.32999999999996
607,2.0,4,9.7,6.8,8.4,34,193.08083333333332
608,2.0,4,9.8,7.0,8.5,33,196.05666666666667
609,1.6,4,10.6,7.9,9.4,30,216.68833333333333
610,1.6,4,10.8,8.1,9.6,29,220.85416666666663
611,2.0,4,9.6,7.0,8.4,34,192.92999999999995
612,2.0,4,9.8,7.2,8.6,33,197.93916666666667
613,2.0,4,11.7,7.6,9.9,29,226.9716666666667
614,2.4,4,10.2,6.8,8.7,32,200.57983333333334
615,1.6,4,8.7,6.3,7.6,37,175.385
616,1.6,4,8.7,6.4,7.7,37,176.77416666666667
617,1.6,4,8.5,6.4,7.6,37,174.90333333333328
618,2.0,4,10.5,7.5,9.2,31,211.40166666666667
619,2.0,4,10.8,7.4,9.3,30,214.00166666666664
620,3.5,6,13.7,9.9,12.0,24,277.1741666666666
621,2.4,4,11.8,8.5,10.3,27,227.98333333333332
622,3.3,6,12.9,9.5,11.4,25,261.77666666666676
623,2.4,4,12.3,9.3,11.0,26,251.60749999999996
624,3.3,6,13.4,9.9,11.8,24,271.8816666666667
625,1.6,4,9.8,7.9,8.9,32,203.39583333333337
626,1.6,4,9.9,7.8,9.0,31,207.01916666666668
627,2.0,4,10.1,7.8,9.1,31,209.07999999999996
628,2.0,4,9.7,7.8,8.8,32,202.29666666666665
629,2.4,4,11.4,8.3,10.0,28,229.59250000000003
630,2.4,4,12.9,9.3,11.3,25,258.59416666666675
631,2.0,4,12.7,9.7,11.4,25,262.4233333333333
632,2.4,4,12.0,9.1,10.7,26,245.4141666666667
633,6.5,12,22.8,12.9,18.3,15,417.6216666666667
634,5.2,10,18.0,12.8,15.7,18,359.3375
635,5.2,10,20.6,13.5,17.4,16,381.1183333333333
636,2.0,4,13.5,9.9,11.9,24,272.9724999999999
637,3.0,6,16.3,12.4,14.5,19,314.4608333333333
638,2.0,4,11.3,7.9,9.8,29,224.62000000000003
639,2.0,4,11.3,7.9,9.8,29,224.62000000000003
640,5.0,8,18.0,12.2,15.4,18,353.6533333333333
641,5.0,8,17.2,12.5,15.1,19,346.295
642,5.0,8,25.0,16.9,21.4,13,343.73049999999995
643,3.0,6,14.2,10.2,12.4,23,285.1541666666668
644,3.0,6,14.2,10.2,12.4,23,285.1541666666668
645,3.0,6,19.4,14.9,17.4,16,284.86999999999995
646,5.0,8,17.3,12.2,15.0,19,344.26833333333326
647,5.0,8,16.6,12.3,14.7,19,337.88583333333344
648,5.0,8,24.0,16.6,20.7,14,329.3608333333333
649,3.0,6,14.1,10.1,12.3,23,282.9100000000001
650,3.0,6,14.1,10.1,12.3,23,282.9100000000001
651,3.0,6,19.4,14.8,17.3,16,284.2391666666666
652,5.0,8,18.0,12.2,15.4,18,353.6533333333333
653,5.0,8,17.2,12.5,15.1,19,346.295
654,5.0,8,25.0,16.9,21.4,13,343.73049999999995
655,1.8,4,5.5,5.8,5.6,50,128.94250000000002
656,2.5,4,5.8,6.2,6.0,47,138.6574999999999
657,3.5,6,11.3,7.6,9.6,29,221.34583333333336
658,3.5,6,12.1,8.3,10.4,27,239.92499999999995
659,3.5,6,12.5,9.1,11.0,26,252.74583333333328
660,3.5,6,7.7,7.4,7.6,37,177.55000000000004
661,4.6,8,15.7,11.8,13.9,20,321.1775
662,2.5,6,11.2,7.8,9.7,29,224.05999999999997
663,2.5,6,11.8,8.7,10.4,27,239.49749999999997
664,2.5,6,11.2,7.8,9.7,29,224.05999999999997
665,3.5,6,12.2,8.7,10.6,27,244.395
666,3.5,6,12.5,9.1,11.0,26,252.74583333333328
667,3.5,6,12.1,8.7,10.6,27,245.35333333333335
668,5.0,8,14.6,10.1,12.6,22,290.93249999999995
669,4.6,8,14.5,9.6,12.3,23,281.97
670,4.6,8,15.1,10.3,12.9,22,297.8416666666667
671,4.6,8,15.1,10.3,12.9,22,297.8416666666667
672,5.0,8,12.0,10.7,11.4,25,261.6691666666666
673,5.7,8,18.8,13.6,16.5,17,373.335
674,3.5,6,13.3,9.8,11.7,24,269.39083333333326
675,3.5,6,12.7,9.1,11.1,25,256.06166666666667
676,3.5,6,7.9,8.6,8.2,34,189.595
677,3.5,6,13.7,9.4,11.8,24,271.26916666666665
678,3.7,6,13.1,9.0,11.3,25,259.71416666666664
679,3.5,6,14.8,10.4,12.8,22,294.01166666666666
680,2.0,4,11.5,8.5,10.2,28,226.20833333333331
681,3.7,6,14.0,9.9,12.2,23,281.1175
682,3.7,6,13.7,10.4,12.2,23,280.61166666666674
683,2.0,4,10.5,7.1,9.0,31,207.20333333333335
684,3.7,6,13.1,9.3,11.4,25,262.4158333333333
685,2.0,4,6.2,6.4,6.3,45,144.5466666666667
686,5.4,8,18.2,13.3,16.0,18,366.41833333333335
687,5.4,8,24.5,18.0,21.6,13,348.5671666666666
688,3.0,6,15.2,9.6,12.7,22,293.43750000000006
689,3.0,6,15.2,9.6,12.7,22,293.43750000000006
690,4.7,8,18.2,11.4,15.1,19,345.62833333333333
691,4.7,8,18.2,11.7,15.3,18,351.14916666666664
692,3.8,8,17.6,10.7,14.5,19,317.52666666666664
693,3.0,6,15.9,9.7,13.1,22,297.565
694,2.0,4,8.9,7.3,8.2,34,189.32583333333335
695,2.0,4,9.0,6.8,8.0,35,184.40916666666664
696,2.5,4,9.6,7.4,8.6,33,198.03666666666663
697,2.0,4,9.3,7.6,8.5,33,196.21916666666672
698,2.5,4,9.8,7.9,8.9,32,205.04666666666668
699,3.7,6,14.2,10.0,12.3,23,282.8433333333333
700,3.7,6,14.3,10.6,12.6,22,291.3975
701,1.5,4,8.4,6.9,7.7,37,176.59333333333333
702,1.5,4,8.0,6.7,7.4,38,170.45916666666668
703,2.0,4,7.9,5.7,6.9,41,176.1733333333333
704,2.0,4,8.0,5.8,7.0,40,165.59833333333333
705,2.5,4,8.4,6.1,7.4,38,170.44749999999996
706,2.5,4,8.3,6.1,7.3,39,169.10666666666665
707,2.0,4,8.0,5.8,7.0,40,165.59833333333333
708,2.0,4,8.0,5.9,7.1,40,170.7225
709,2.0,4,8.2,5.9,7.2,39,176.22416666666663
710,2.5,4,8.7,6.5,7.7,37,177.58250000000004
711,2.5,4,8.2,6.1,7.3,39,168.50666666666663
712,2.0,4,8.2,5.9,7.2,39,176.22416666666663
713,2.5,4,10.8,8.4,9.7,29,223.12750000000003
714,2.5,4,11.1,8.3,9.8,29,224.9091666666667
715,2.5,4,8.8,6.2,7.6,37,175.3666666666667
716,2.5,4,9.4,6.4,8.1,35,186.03833333333333
717,2.5,4,8.4,5.9,7.3,39,170.19916666666666
718,2.0,4,11.5,8.5,10.2,28,226.20833333333331
719,2.0,4,10.5,8.5,9.6,29,220.91083333333336
720,2.0,4,11.1,8.4,9.9,29,227.27833333333336
721,2.0,4,9.2,6.6,8.0,35,184.39499999999995
722,1.8,4,10.9,7.5,9.4,30,214.385
723,1.8,4,11.0,7.4,9.4,30,214.45333333333332
724,3.5,6,12.2,8.5,10.5,27,242.6925
725,3.5,6,16.4,11.1,14.0,20,258.4941666666666
726,3.5,6,12.0,8.6,10.5,27,241.57416666666668
727,3.5,6,11.9,8.6,10.4,27,239.33333333333337
728,3.5,6,12.1,8.7,10.6,27,245.35333333333335
729,3.5,6,12.1,8.6,10.5,27,241.99
730,6.2,8,17.7,11.9,15.1,19,345.175
731,6.2,8,17.9,12.2,15.3,18,353.29833333333335
732,4.7,8,15.4,10.4,13.2,21,305.3174999999999
733,5.5,8,15.4,11.0,13.4,21,308.62249999999995
734,2.0,4,9.1,6.2,7.8,36,179.34750000000003
735,2.0,4,10.3,7.8,9.2,31,211.07583333333332
736,4.7,8,13.3,9.4,11.5,25,264.7174999999999
737,5.5,8,15.1,10.7,13.1,22,300.7608333333333
738,5.5,8,15.1,10.7,13.1,22,300.7608333333333
739,2.1,4,8.5,5.7,7.2,39,187.96166666666667
740,3.5,6,11.8,8.2,10.2,28,234.31083333333333
741,3.5,6,11.6,8.1,10.0,28,231.0275
742,3.5,6,11.9,8.5,10.4,27,239.14416666666665
743,3.5,6,12.1,8.6,10.5,27,241.99
744,3.5,6,12.0,8.5,10.4,27,239.52666666666673
745,3.5,6,11.9,8.2,10.2,28,234.5775
746,3.5,6,9.6,7.9,8.8,32,204.9333333333333
747,4.7,8,13.6,9.1,11.6,24,267.76083333333327
748,4.7,8,13.7,9.3,11.7,24,269.2766666666666
749,4.7,8,13.4,8.9,11.4,25,262.54583333333323
750,5.5,8,15.0,10.3,12.9,22,296.44416666666666
751,5.5,8,15.5,11.0,13.5,21,309.36
752,5.5,8,15.0,10.3,12.9,22,296.44416666666666
753,5.5,8,15.5,11.0,13.5,21,309.36
754,5.5,8,20.0,15.9,18.2,16,401.7975
755,5.5,8,19.4,15.7,17.7,16,397.8808333333332
756,3.0,6,13.4,10.2,12.0,24,297.58833333333337
757,4.7,8,17.1,12.8,15.2,19,349.50833333333344
758,4.7,8,17.6,13.1,15.6,18,354.4733333333332
759,5.5,8,17.7,13.4,15.8,18,362.51083333333327
760,2.1,4,9.6,7.1,8.5,33,217.3616666666667
761,3.5,6,12.6,9.6,11.3,25,259.78000000000003
762,3.5,6,13.4,10.5,12.1,23,280.265
763,3.5,6,17.8,13.8,16.0,18,266.395
764,3.0,6,11.8,8.5,10.3,27,237.045
765,4.7,8,16.2,11.8,14.2,20,325.395
766,5.5,8,17.2,13.5,15.5,18,356.5808333333334
767,4.7,8,14.3,9.5,12.1,23,279.365
768,4.7,8,14.2,9.4,12.0,24,274.74416666666673
769,5.5,8,15.6,10.3,13.2,21,304.52583333333325
770,4.7,8,13.4,9.6,11.7,24,269.1816666666666
771,5.5,8,14.8,10.2,12.7,22,292.7374999999999
772,6.0,8,16.7,11.2,14.2,20,325.6233333333333
773,1.8,4,10.3,7.2,8.9,32,203.59249999999997
774,1.8,4,10.4,7.3,9.0,31,206.6925
775,3.5,6,11.1,8.1,9.8,29,226.2041666666667
776,5.5,8,12.3,8.7,10.7,26,251.01666666666665
777,6.2,8,18.7,13.9,16.5,17,380.12916666666655
778,6.2,8,18.2,12.6,15.7,18,360.80750000000006
779,6.2,8,18.2,12.6,15.7,18,360.80750000000006
780,1.6,4,8.7,6.6,7.8,36,179.0375
781,1.6,4,8.6,6.8,7.8,36,179.07
782,1.6,4,8.7,6.6,7.8,36,179.0375
783,1.6,4,8.6,6.8,7.8,36,179.07
784,1.6,4,9.4,7.9,8.7,32,200.49833333333336
785,1.6,4,8.6,6.8,7.8,36,179.07
786,1.6,4,8.5,6.6,7.6,37,175.18
787,1.6,4,8.0,6.4,7.3,39,167.95666666666668
788,1.6,4,9.4,7.9,8.7,32,200.49833333333336
789,1.6,4,8.6,6.8,7.8,36,179.07
790,1.6,4,8.7,6.6,7.8,36,179.0375
791,1.6,4,8.6,6.8,7.8,36,179.07
792,1.6,4,9.3,7.0,8.3,34,190.95
793,1.6,4,9.1,6.7,8.0,35,184.0
794,1.6,4,9.3,7.0,8.3,34,190.95
795,1.6,4,9.1,6.7,8.0,35,184.0
796,1.6,4,10.0,7.8,9.0,31,207.2
797,1.6,4,9.3,7.5,8.5,33,196.07
798,1.6,4,9.3,7.0,8.3,34,190.95
799,1.6,4,9.1,6.7,8.0,35,184.0
800,1.6,4,10.0,7.8,9.0,31,207.2
801,1.6,4,9.3,7.5,8.5,33,196.07
802,1.6,4,9.3,7.0,8.3,34,190.95
803,1.6,4,9.1,6.7,8.0,35,184.0
804,1.6,4,9.3,7.0,8.3,34,190.95
805,1.6,4,9.1,6.7,8.0,35,184.0
806,1.6,4,9.3,7.0,8.3,34,190.95
807,1.6,4,9.1,6.7,8.0,35,184.0
808,1.6,4,10.0,7.8,9.0,31,207.2
809,1.6,4,9.3,7.5,8.5,33,196.07
810,1.6,4,9.3,7.0,8.3,34,190.95
811,1.6,4,9.1,6.7,8.0,35,184.0
812,1.6,4,10.0,7.8,9.0,31,207.2
813,1.6,4,9.3,7.5,8.5,33,196.07
814,1.6,4,9.3,7.0,8.3,34,190.95
815,1.6,4,9.1,6.7,8.0,35,184.0
816,2.0,4,9.2,7.0,8.2,34,189.45166666666665
817,2.0,4,9.6,6.8,8.3,34,191.59833333333333
818,2.4,4,10.5,8.2,9.5,30,217.54666666666668
819,2.0,4,14.2,10.5,12.5,23,285.74666666666667
820,2.0,4,14.0,10.3,12.3,23,283.4025
821,2.0,4,13.4,9.4,11.6,24,267.43916666666655
822,2.0,4,9.6,7.3,8.6,33,198.40666666666664
823,2.0,4,9.8,7.1,8.6,33,198.1525
824,1.2,3,6.4,5.4,6.0,47,142.20333333333332
825,1.2,3,7.0,5.6,6.4,44,146.72583333333333
826,2.4,4,9.5,7.5,8.6,33,198.3225
827,2.4,4,9.9,8.1,9.1,31,209.005
828,3.0,6,11.5,8.5,10.2,28,237.24166666666665
829,2.0,4,9.6,7.6,8.7,32,200.50916666666663
830,2.0,4,9.9,7.5,8.8,32,202.01
831,2.0,4,9.8,8.0,9.0,31,208.04416666666665
832,3.7,6,12.6,9.1,11.0,26,252.87333333333328
833,3.7,6,13.3,9.3,11.5,25,263.9325
834,3.7,6,13.0,9.5,11.4,25,262.1375
835,3.7,6,13.5,9.6,11.7,24,269.3441666666666
836,2.5,4,8.7,6.2,7.6,37,174.8916666666667
837,3.5,6,10.8,7.4,9.3,30,215.65666666666667
838,5.6,8,19.1,13.4,16.5,17,374.69916666666666
839,2.5,4,13.7,10.6,12.3,23,282.1099999999999
840,2.5,4,12.2,10.2,11.3,25,260.7200000000001
841,4.0,6,14.7,10.2,12.7,22,292.545
842,4.0,6,15.7,11.2,13.7,21,313.5949999999999
843,4.0,6,14.8,11.0,13.1,22,300.13333333333327
844,3.8,6,14.5,10.9,12.9,22,296.3483333333333
845,1.6,4,8.7,7.3,8.1,35,186.36750000000004
846,1.6,4,9.5,7.6,8.6,33,197.64916666666664
847,1.6,4,9.3,7.9,8.7,32,200.35
848,3.5,6,12.3,9.1,10.9,26,251.0125
849,3.5,6,13.2,10.1,11.8,24,273.8233333333334
850,2.0,4,10.0,8.5,9.3,30,214.53833333333336
851,3.5,6,12.0,8.9,10.6,27,244.98583333333335
852,3.5,6,12.3,9.3,11.0,26,252.3358333333333
853,2.5,4,9.1,8.5,8.8,32,202.7591666666667
854,3.5,6,12.5,9.5,11.1,25,256.475
855,2.5,4,9.2,7.2,8.3,34,190.70750000000004
856,2.5,4,9.5,7.4,8.6,33,197.83416666666668
857,1.8,4,7.8,6.0,7.0,40,161.8075
858,1.8,4,8.7,6.6,7.8,36,179.30916666666667
859,5.6,8,17.9,12.8,15.6,18,355.98583333333335
860,5.6,8,19.7,14.3,17.3,16,361.29333333333324
861,1.6,4,7.2,5.8,6.6,43,158.23
862,1.6,4,8.6,6.5,7.7,37,176.67916666666667
863,4.0,6,16.1,11.9,14.2,20,319.6825
864,4.0,6,15.2,11.9,13.7,21,314.0449999999999
865,3.4,6,11.6,8.3,10.1,28,231.995
866,3.4,6,12.5,8.6,10.7,26,246.62999999999997
867,3.4,6,11.8,8.5,10.3,27,236.73916666666665
868,3.4,6,12.4,8.6,10.7,26,246.195
869,3.4,6,12.0,8.7,10.5,27,242.6766666666667
870,3.4,6,12.6,9.0,11.0,26,252.72166666666672
871,3.8,6,12.3,8.9,10.8,26,248.25166666666664
872,3.8,6,12.8,8.9,11.0,26,252.71833333333336
873,3.8,6,12.7,9.0,11.0,26,252.7975
874,3.8,6,12.9,9.1,11.2,25,257.7475
875,3.4,6,11.6,8.3,10.1,28,231.995
876,3.4,6,12.4,8.6,10.7,26,246.195
877,3.8,6,12.1,8.7,10.6,27,244.5425
878,3.8,6,12.6,8.6,10.8,26,248.6716666666667
879,3.8,6,12.4,8.7,10.7,26,246.85416666666669
880,3.8,6,12.6,8.8,10.9,26,250.20833333333331
881,3.8,6,16.0,11.5,14.0,20,309.69916666666666
882,3.8,6,13.7,9.6,11.9,24,273.8883333333334
883,3.8,6,13.7,9.6,11.9,24,273.8883333333334
884,3.8,6,13.7,9.6,11.9,24,273.8883333333334
885,3.8,6,13.7,9.6,11.9,24,273.8883333333334
886,2.7,6,10.7,7.4,9.2,31,216.83083333333335
887,2.7,6,11.5,7.9,9.9,29,229.55833333333337
888,3.4,6,11.3,7.9,9.8,29,225.94083333333333
889,3.4,6,11.9,8.6,10.4,27,239.7875
890,3.6,6,13.6,10.1,12.0,24,278.5658333333333
891,3.6,6,15.8,10.9,13.6,21,306.09666666666664
892,3.0,6,12.2,8.1,10.4,27,269.5716666666667
893,4.8,8,15.9,11.4,13.9,20,320.4225
894,4.8,8,15.0,10.6,13.0,22,299.3116666666667
895,3.0,6,11.8,9.9,10.9,26,253.43833333333333
896,4.8,8,15.9,10.9,13.7,21,314.18000000000006
897,2.7,6,10.7,7.4,9.2,31,216.83083333333335
898,2.7,6,11.5,7.9,9.9,29,229.55833333333337
899,3.4,6,11.3,7.9,9.8,29,225.94083333333333
900,3.4,6,11.9,8.6,10.4,27,239.7875
901,3.6,6,12.9,8.4,10.9,26,257.97416666666663
902,3.6,6,13.1,8.7,11.1,25,255.19583333333335
903,3.0,6,13.4,8.8,11.3,25,260.3583333333333
904,3.0,6,13.7,8.9,11.5,25,263.7633333333333
905,4.8,8,15.1,9.7,12.7,22,292.31166666666667
906,3.0,6,13.4,8.8,11.3,25,260.3583333333333
907,4.8,8,15.3,9.7,12.8,22,293.9016666666667
908,4.8,8,15.4,9.8,12.9,22,296.4166666666667
909,5.7,8,17.1,12.0,14.8,19,339.4258333333333
910,5.7,8,15.8,10.9,13.6,21,311.8483333333333
911,5.7,8,17.6,12.7,15.4,18,355.02416666666664
912,5.7,8,16.3,11.5,14.1,20,324.5025
913,3.0,6,12.1,8.8,10.6,27,268.68500000000006
914,3.6,6,14.6,10.1,12.6,22,290.2775
915,3.6,6,20.5,14.5,17.8,16,289.81666666666666
916,3.0,6,11.6,8.4,10.2,28,236.7425
917,3.6,6,13.9,9.5,11.9,24,273.97916666666663
918,3.6,6,19.4,13.6,16.8,17,269.2225
919,3.6,6,12.9,9.3,11.3,25,260.4183333333333
920,3.6,6,13.3,9.1,11.4,25,262.12833333333333
921,3.6,6,18.6,12.7,15.9,18,257.09083333333336
922,6.6,12,19.1,12.3,16.0,18,366.13249999999994
923,6.6,12,19.1,12.3,16.0,18,366.13249999999994
924,6.7,12,20.7,12.8,17.1,17,393.9266666666666
925,6.7,12,20.7,12.8,17.1,17,393.9266666666666
926,6.7,12,20.7,12.7,17.1,17,393.4808333333333
927,6.7,12,20.7,12.7,17.1,17,393.4808333333333
928,6.6,12,18.7,11.8,15.6,18,358.84833333333336
929,2.0,4,9.6,7.0,8.4,34,192.92999999999995
930,2.0,4,10.9,7.8,9.5,30,217.75666666666663
931,1.3,4,6.6,5.7,6.2,46,144.3708333333333
932,2.5,4,10.2,7.5,9.0,31,207.67416666666668
933,2.5,4,10.2,7.6,9.0,31,207.85416666666663
934,2.4,4,10.9,8.6,9.9,29,227.5975
935,2.4,4,10.9,8.6,9.9,29,227.5975
936,1.8,4,8.8,7.1,8.0,35,185.21833333333333
937,1.8,4,8.6,7.1,7.9,36,182.04166666666663
938,1.0,3,6.9,5.7,6.4,44,146.08
939,1.0,3,6.9,5.7,6.4,44,146.08
940,8.4,10,20.0,13.0,16.9,17,387.40416666666664
941,8.4,10,20.0,13.0,16.9,17,387.40416666666664
942,2.0,4,9.6,7.1,8.5,33,200.2291666666667
943,2.0,4,11.0,7.9,9.6,29,221.20083333333332
944,2.0,4,10.2,8.6,9.5,30,217.46500000000003
945,2.5,4,9.6,7.4,8.6,33,198.03666666666663
946,2.5,4,10.9,8.3,9.7,29,223.38166666666672
947,2.0,4,8.7,6.6,7.8,36,179.10833333333335
948,2.0,4,9.6,7.1,8.5,33,200.2291666666667
949,2.5,4,12.6,9.5,11.2,25,257.6366666666667
950,2.5,4,14.2,10.4,12.5,23,286.64916666666664
951,2.0,4,8.7,6.6,7.8,36,179.10833333333335
952,2.0,4,9.6,7.1,8.5,33,200.2291666666667
953,2.5,4,12.6,9.5,11.2,25,257.6366666666667
954,2.5,4,14.2,10.4,12.5,23,286.64916666666664
955,2.5,4,9.7,7.3,8.6,33,198.02166666666665
956,2.5,4,11.3,8.2,9.9,29,227.7775
957,3.6,6,13.3,9.5,11.6,24,267.6125
958,2.5,4,9.9,7.8,9.0,31,207.18833333333336
959,2.5,4,10.8,8.5,9.8,29,224.31000000000003
960,3.6,6,13.4,9.7,11.7,24,269.63083333333327
961,3.6,6,14.7,11.1,13.1,22,300.1133333333333
962,2.0,4,9.5,7.2,8.5,33,196.95166666666668
963,2.0,4,10.2,8.0,9.2,31,211.03416666666664
964,2.0,4,8.1,7.2,7.7,37,178.68666666666667
965,4.0,6,14.3,11.1,12.9,22,296.8183333333334
966,4.0,6,14.3,11.1,12.9,22,296.8183333333334
967,3.5,6,11.3,7.6,9.6,29,221.34583333333336
968,2.5,4,9.5,6.6,8.2,34,189.47833333333338
969,3.5,6,11.1,7.8,9.6,29,222.5475
970,2.5,4,5.5,5.9,5.7,50,133.06083333333325
971,2.5,4,5.8,6.2,6.0,47,138.6574999999999
972,1.8,4,8.6,6.5,7.7,37,177.1775
973,1.8,4,8.1,6.3,7.3,39,168.75083333333333
974,1.8,4,8.0,5.9,7.1,40,165.84666666666664
975,1.8,4,8.3,6.3,7.4,38,170.3675
976,1.8,4,7.7,5.6,6.8,42,168.74999999999997
977,1.8,4,7.8,5.9,6.9,41,160.72333333333336
978,1.8,4,9.4,7.5,8.5,33,196.05333333333328
979,1.8,4,8.9,7.3,8.2,34,188.9725
980,4.0,6,14.3,11.2,12.9,22,297.3016666666667
981,4.0,6,15.4,12.1,13.9,20,320.17833333333334
982,2.7,4,11.7,8.6,10.3,27,230.68666666666664
983,3.5,6,12.6,9.4,11.2,25,257.92833333333334
984,3.5,6,13.0,9.7,11.5,25,263.5125
985,3.5,6,8.0,8.6,8.3,34,190.73166666666665
986,3.5,6,7.9,8.6,8.2,34,189.595
987,1.8,4,4.7,4.9,4.8,59,117.415
988,1.5,4,4.6,4.9,4.7,60,119.1525
989,1.8,4,5.3,5.8,5.5,51,126.33583333333337
990,2.5,4,10.0,7.6,8.9,32,205.06833333333333
991,2.5,4,10.4,8.1,9.4,30,216.07833333333332
992,2.5,4,10.6,8.2,9.5,30,217.32166666666672
993,5.7,8,19.0,13.9,16.7,17,370.81416666666667
994,3.5,6,12.9,9.4,11.3,25,260.20666666666665
995,3.5,6,14.2,10.3,12.4,23,284.84416666666664
996,2.7,4,12.2,9.3,10.9,26,251.31583333333336
997,2.7,4,11.3,8.9,10.2,28,234.37833333333336
998,4.0,6,14.5,11.3,13.1,22,300.60333333333324
999,2.7,4,13.1,10.5,11.9,24,272.8525
1000,2.7,4,12.8,10.6,11.8,24,271.0808333333334
1001,4.0,6,14.7,11.5,13.3,21,307.19583333333327
1002,4.0,6,15.3,12.3,14.0,20,320.91416666666674
1003,4.0,6,14.8,11.8,13.5,21,309.6233333333333
1004,4.6,8,15.9,12.3,14.3,20,323.4816666666667
1005,5.7,8,17.6,12.9,15.5,18,356.6833333333332
1006,4.6,8,16.9,12.8,15.1,19,347.12250000000006
1007,5.7,8,18.1,13.9,16.2,17,370.75583333333327
1008,2.7,4,11.4,8.2,10.0,28,232.3175
1009,3.5,6,12.6,9.1,11.0,26,252.84333333333333
1010,2.7,4,11.6,8.5,10.2,28,233.34833333333333
1011,3.5,6,12.9,9.4,11.3,25,260.20666666666665
1012,1.5,4,7.9,6.6,7.3,39,168.32500000000005
1013,1.5,4,7.8,6.3,7.1,40,163.73416666666662
1014,1.8,4,9.5,7.2,8.5,33,196.6708333333333
1015,1.8,4,9.9,7.2,8.7,32,200.59416666666667
1016,2.0,4,10.3,7.7,9.1,31,209.44583333333335
1017,2.0,4,10.8,7.6,9.4,30,215.67499999999995
1018,2.5,5,10.9,8.4,9.8,29,226.27166666666668
1019,2.5,5,11.2,7.7,9.6,29,221.26916666666665
1020,1.8,4,9.8,7.3,8.7,32,200.64083333333335
1021,2.0,4,10.3,8.1,9.3,30,214.76499999999993
1022,2.0,4,10.8,7.6,9.4,30,215.67499999999995
1023,2.5,5,11.2,8.7,10.1,28,231.44083333333336
1024,2.0,4,8.2,6.1,7.3,39,175.7266666666667
1025,2.0,4,8.5,5.8,7.3,39,182.33250000000004
1026,2.0,4,11.1,7.9,9.7,29,222.80666666666667
1027,2.0,4,11.6,7.7,9.8,29,224.78083333333336
1028,3.6,6,14.3,9.8,12.3,23,282.82916666666665
1029,2.0,4,10.9,8.0,9.6,29,220.81583333333336
1030,2.5,5,11.0,7.7,9.5,30,218.38999999999996
1031,2.5,5,11.2,7.3,9.4,30,216.93166666666664
1032,2.0,4,8.2,6.0,7.2,39,178.11666666666667
1033,2.0,4,7.9,5.6,6.9,41,180.415
1034,1.8,4,9.5,6.7,8.2,34,189.1075
1035,1.8,4,9.4,6.7,8.2,34,189.1475
1036,2.0,4,10.6,8.0,9.4,30,216.32166666666663
1037,2.0,4,10.4,7.2,9.0,31,207.16250000000002
1038,2.0,4,10.2,7.5,9.0,31,207.32
1039,2.0,4,10.6,7.4,9.2,31,211.82666666666665
1040,2.0,4,7.9,5.7,6.9,41,176.1733333333333
1041,2.0,4,7.9,5.6,6.9,41,180.415
1042,1.4,4,5.6,5.2,5.4,52,127.84583333333337
1043,1.8,4,9.9,6.9,8.6,33,197.85833333333332
1044,1.8,4,10.0,6.9,8.6,33,198.06583333333333
1045,2.5,5,11.0,8.0,9.7,29,223.36666666666667
1046,2.5,5,11.4,7.8,9.8,29,224.62749999999997
1047,3.6,6,12.4,8.8,10.8,26,248.3383333333333
1048,2.0,4,8.1,5.9,7.1,40,175.95250000000004
1049,2.0,4,8.0,5.4,6.8,42,176.12583333333333
1050,3.6,6,14.2,9.5,12.1,23,278.49250000000006
1051,2.0,4,11.7,9.5,10.7,26,244.65416666666673
1052,2.0,4,13.6,9.2,11.6,24,266.5691666666666
1053,2.0,4,11.7,9.4,10.7,26,244.53416666666672
1054,3.6,6,13.8,10.3,12.2,23,281.27583333333337
1055,3.0,6,12.3,8.0,10.4,27,271.11666666666673
1056,2.5,5,11.3,7.8,9.7,29,223.1391666666666
1057,2.5,5,11.6,8.3,10.1,28,229.3616666666667
1058,3.0,6,13.2,9.5,11.5,25,263.6466666666667
1059,3.2,6,11.9,8.1,10.2,28,236.1591666666666
1060,3.0,6,13.2,9.5,11.5,25,263.6466666666667
1061,3.2,6,13.0,8.9,11.2,25,258.31250000000006
1062,3.0,6,13.4,9.8,11.8,24,274.1841666666666
1063,3.2,6,13.2,9.5,11.5,25,263.30333333333334
1064,3.0,6,13.4,9.8,11.8,24,274.1841666666666
1065,3.2,6,12.9,9.3,11.3,25,260.32666666666665
1066,3.2,6,14.9,10.2,12.8,22,293.44083333333333
